Team,Game,Passing_Yards,SUM(PY),Passing_Yards_Against,SUM(PYA),Points,SUM(Points),Points_Against,SUM(Points_Against),Rushing_Yards,SUM(RY),Rushing_Yards_Against,SUM(RYA),Takeaways,SUM(Takeaways),Total_Yards,SUM(Total_Yards),Total_Yards_Against,SUM(Total_Yards_Against),Turnovers,SUM(Turnovers),Win/Loss/Tie,Conference,RZ_Conversion,Total_TDs,RZ_Chances
Dolphins,1,242,242,193,193,20,20,7,7,65,65,78,78,3,3,307,307,271,271,0,0,1,AFC,0.5926,46,77
Dolphins,2,461,703,318,511,42,62,38,45,86,151,155,233,0,3,547,854,473,744,2,2,2,AFC,0.5926,46,77
Dolphins,3,171,874,382,893,21,83,19,64,41,192,115,348,1,4,212,1066,597,1341,0,2,3,AFC,0.5926,46,77
Dolphins,4,293,1167,304,1197,15,98,27,91,85,277,67,415,0,4,378,1444,371,1712,2,4,3,AFC,0.5926,46,77
Dolphins,5,158,1325,187,1384,17,115,40,131,137,414,135,550,0,4,295,1739,322,2034,2,6,3,AFC,0.5926,46,77
Dolphins,6,385,1710,156,1540,16,131,24,155,73,487,78,628,0,4,458,2197,234,2268,3,9,3,AFC,0.5926,46,77
Dolphins,7,261,1971,246,1786,16,147,10,165,111,598,95,723,3,7,372,2569,341,2609,0,9,4,AFC,0.5926,46,77
Dolphins,8,369,2340,311,2097,31,178,27,192,107,705,82,805,0,7,476,3045,393,3002,1,10,5,AFC,0.5926,46,77
Dolphins,9,302,2642,116,2213,35,213,32,224,77,782,252,1057,0,7,379,3424,368,3370,0,10,6,AFC,0.5926,46,77
Dolphins,10,296,2938,185,2398,39,252,17,241,195,977,112,1169,1,8,491,3915,297,3667,0,10,7,AFC,0.5926,46,77
Dolphins,11,273,3211,174,2572,30,282,15,256,66,1043,36,1205,3,11,339,4254,210,3877,1,11,8,AFC,0.5926,46,77
Dolphins,12,275,3486,230,2802,17,299,33,289,33,1076,121,1326,1,12,308,4562,351,4228,4,15,8,AFC,0.5926,46,77
Dolphins,13,127,3613,350,3152,17,316,23,312,92,1168,82,1408,0,12,219,4781,432,4660,0,15,8,AFC,0.5926,46,77
Dolphins,14,217,3830,296,3448,29,345,32,344,188,1356,150,1558,1,13,405,5186,446,5106,0,15,8,AFC,0.5926,46,77
Dolphins,15,294,4124,222,3670,20,365,26,370,82,1438,79,1637,1,14,376,5562,301,5407,4,19,8,AFC,0.5926,46,77
Dolphins,16,247,4371,173,3843,21,386,23,393,86,1524,76,1713,0,14,333,5895,249,5656,2,21,8,AFC,0.5926,46,77
Dolphins,17,140,4511,149,3992,11,397,6,399,162,1686,38,1751,0,14,302,6197,187,5843,0,21,9,AFC,0.5926,46,77
Bills,1,292,292,191,191,31,31,10,10,121,121,52,52,3,3,413,413,243,243,4,4,1,AFC,0.6,53,88
Bills,2,313,605,107,298,41,72,7,17,101,222,80,132,4,7,414,827,187,430,0,4,2,AFC,0.6,53,88
Bills,3,382,987,171,469,19,91,21,38,115,337,41,173,0,7,497,1324,212,642,1,5,2,AFC,0.6,53,88
Bills,4,201,1188,134,603,23,114,20,58,125,462,162,335,2,9,326,1650,296,938,2,7,3,AFC,0.6,53,88
Bills,5,432,1620,310,913,38,152,3,61,120,582,54,389,2,11,552,2202,364,1302,2,9,4,AFC,0.6,53,88
Bills,6,318,1938,319,1232,24,176,20,81,125,707,68,457,2,13,443,2645,387,1689,1,10,5,AFC,0.6,53,88
Bills,7,216,2154,190,1422,27,203,17,98,153,860,208,665,1,14,369,3014,398,2087,2,12,6,AFC,0.6,53,88
Bills,8,183,2337,136,1558,17,220,20,118,134,994,174,839,1,15,317,3331,310,2397,2,14,6,AFC,0.6,53,88
Bills,9,311,2648,334,1892,30,250,33,151,175,1169,147,986,2,17,486,3817,481,2878,4,18,6,AFC,0.6,53,88
Bills,10,186,2834,316,2208,31,281,23,174,171,1340,80,1066,1,18,357,4174,396,3274,0,18,7,AFC,0.6,53,88
Bills,11,237,3071,230,2438,28,309,25,199,164,1504,96,1162,2,20,401,4575,326,3600,1,19,8,AFC,0.6,53,88
Bills,12,223,3294,182,2620,24,333,10,209,132,1636,60,1222,0,20,355,4930,242,3842,1,20,9,AFC,0.6,53,88
Bills,13,130,3424,233,2853,20,353,12,221,102,1738,76,1298,2,22,232,5162,309,4151,0,20,10,AFC,0.6,53,88
Bills,14,296,3720,217,3070,32,385,29,250,150,1888,188,1486,0,22,446,5608,405,4556,1,21,11,AFC,0.6,53,88
Bills,15,172,3892,129,3199,35,420,13,263,254,2142,80,1566,2,24,426,6034,209,4765,3,24,12,AFC,0.6,53,88
Bills,16,296,4188,240,3439,31,451,27,290,105,2247,122,1688,2,26,401,6435,362,5127,1,25,13,AFC,0.6,53,88
Bills,17,237,4425,234,3673,35,486,23,313,90,2337,107,1795,3,29,327,6762,341,5468,3,28,14,AFC,0.6,53,88
Jets,1,297,297,211,211,9,9,24,24,83,83,63,63,1,1,380,380,274,274,2,2,0,AFC,0.4348,29,66
Jets,2,309,606,221,432,31,40,30,54,93,176,184,247,1,2,402,782,405,679,1,3,1,AFC,0.4348,29,66
Jets,3,252,858,261,693,12,52,27,81,76,252,69,316,1,3,328,1110,330,1009,4,7,1,AFC,0.4348,29,66
Jets,4,250,1108,178,871,24,76,20,101,98,350,119,435,4,7,348,1458,297,1306,2,9,2,AFC,0.4348,29,66
Jets,5,187,1295,158,1029,40,116,17,118,135,485,137,572,2,9,322,1780,295,1601,0,9,3,AFC,0.4348,29,66
Jets,6,99,1394,218,1247,27,143,10,128,179,664,60,632,1,10,278,2058,278,1879,0,9,4,AFC,0.4348,29,66
Jets,7,105,1499,219,1466,16,159,9,137,155,819,105,737,1,11,260,2318,324,2203,0,9,5,AFC,0.4348,29,66
Jets,8,336,1835,161,1627,17,176,22,159,51,870,127,864,1,12,387,2705,288,2491,3,12,5,AFC,0.4348,29,66
Jets,9,136,1971,183,1810,20,196,17,176,174,1044,134,998,2,14,310,3015,317,2808,1,13,6,AFC,0.4348,29,66
Jets,10,44,2015,198,2008,3,199,10,186,59,1103,99,1097,0,14,103,3118,297,3105,0,13,6,AFC,0.4348,29,66
Jets,11,308,2323,165,2173,31,230,10,196,158,1261,127,1224,1,15,466,3584,292,3397,0,13,7,AFC,0.4348,29,66
Jets,12,366,2689,159,2332,22,252,27,223,120,1381,128,1352,0,15,486,4070,287,3684,2,15,7,AFC,0.4348,29,66
Jets,13,233,2922,130,2462,12,264,20,243,76,1457,102,1454,0,15,309,4379,232,3916,2,17,7,AFC,0.4348,29,66
Jets,14,287,3209,252,2714,17,281,20,263,50,1507,107,1561,0,15,337,4716,359,4275,1,18,7,AFC,0.4348,29,66
Jets,15,161,3370,218,2932,3,284,19,282,66,1573,147,1708,1,16,227,4943,365,4640,2,20,7,AFC,0.4348,29,66
Jets,16,204,3574,148,3080,6,290,23,305,75,1648,198,1906,0,16,279,5222,346,4986,3,23,7,AFC,0.4348,29,66
Jets,17,149,3723,140,3220,6,296,11,316,38,1686,162,2068,0,16,187,5409,302,5288,0,23,7,AFC,0.4348,29,66
Patriots,1,193,193,242,242,7,7,20,20,78,78,65,65,0,0,271,271,307,307,3,3,0,AFC,0.4222,39,92
Patriots,2,252,445,152,394,17,24,14,34,124,202,91,156,2,2,376,647,243,550,1,4,1,AFC,0.4222,39,92
Patriots,3,302,747,206,600,26,50,37,71,145,347,188,344,2,4,447,1094,394,944,4,8,1,AFC,0.4222,39,92
Patriots,4,104,851,244,844,24,74,27,98,167,514,199,543,2,6,271,1365,443,1387,1,9,1,AFC,0.4222,39,92
Patriots,5,188,1039,211,1055,29,103,0,98,176,690,101,644,2,8,364,1729,312,1699,1,10,2,AFC,0.4222,39,92
Patriots,6,301,1340,258,1313,38,141,15,113,98,788,70,714,4,12,399,2128,328,2027,1,11,3,AFC,0.4222,39,92
Patriots,7,190,1530,147,1460,14,155,33,146,70,858,243,957,1,13,260,2388,390,2417,4,15,3,AFC,0.4222,39,92
Patriots,8,161,1691,336,1796,22,177,17,163,127,985,51,1008,3,16,288,2676,387,2804,1,16,4,AFC,0.4222,39,92
Patriots,9,133,1824,43,1839,26,203,3,166,70,1055,78,1086,1,17,203,2879,121,2925,1,17,5,AFC,0.4222,39,92
Patriots,10,198,2022,44,1883,10,213,3,169,99,1154,59,1145,0,17,297,3176,103,3028,0,17,6,AFC,0.4222,39,92
Patriots,11,364,2386,301,2184,26,239,33,202,45,1199,57,1202,1,18,409,3585,358,3386,0,17,6,AFC,0.4222,39,92
Patriots,12,182,2568,223,2407,10,249,24,226,60,1259,132,1334,1,19,242,3827,355,3741,0,17,6,AFC,0.4222,39,92
Patriots,13,225,2793,210,2617,27,276,13,239,103,1362,113,1447,2,21,328,4155,323,4064,1,18,7,AFC,0.4222,39,92
Patriots,14,113,2906,211,2828,24,300,30,269,306,1668,97,1544,1,22,318,4473,308,4372,1,19,7,AFC,0.4222,39,92
Patriots,15,224,3130,369,3197,18,318,22,291,61,1729,73,1617,3,25,285,4758,442,4814,1,20,7,AFC,0.4222,39,92
Patriots,16,173,3303,247,3444,23,341,21,312,76,1805,86,1703,2,27,249,5007,333,5147,0,20,8,AFC,0.4222,39,92
Patriots,17,234,3537,237,3681,23,364,35,347,107,1912,90,1793,3,30,341,5348,327,5474,3,23,8,AFC,0.4222,39,92
Chiefs,1,360,360,179,179,44,44,21,21,128,128,103,103,0,0,488,488,282,282,1,1,1,AFC,0.7108,61,85
Chiefs,2,226,586,326,505,27,71,24,45,93,221,75,178,1,1,319,807,401,683,0,1,2,AFC,0.7108,61,85
Chiefs,3,257,843,177,682,17,88,20,65,58,279,82,260,1,2,315,1122,259,942,2,3,2,AFC,0.7108,61,85
Chiefs,4,228,1071,373,1055,41,129,31,96,189,468,3,263,2,4,417,1539,376,1318,1,4,3,AFC,0.7108,61,85
Chiefs,5,265,1336,223,1278,30,159,29,125,103,571,155,418,0,4,368,1907,378,1696,0,4,4,AFC,0.7108,61,85
Chiefs,6,319,1655,318,1596,20,179,24,149,68,639,125,543,1,5,387,2294,443,2139,2,6,4,AFC,0.7108,61,85
Chiefs,7,417,2072,343,1939,44,223,23,172,112,751,101,644,3,8,529,2823,444,2583,2,8,5,AFC,0.7108,61,85
Chiefs,8,422,2494,57,1996,20,243,17,189,77,828,172,816,0,8,499,3322,229,2812,1,9,6,AFC,0.7108,61,85
Chiefs,9,331,2825,240,2236,27,270,17,206,155,983,75,891,0,8,486,3808,315,3127,3,12,7,AFC,0.7108,61,85
Chiefs,10,322,3147,250,2486,30,300,27,233,163,1146,115,1006,2,10,485,4293,365,3492,1,13,8,AFC,0.7108,61,85
Chiefs,11,320,3467,82,2568,26,326,10,243,117,1263,116,1122,2,12,437,4730,198,3690,2,15,9,AFC,0.7108,61,85
Chiefs,12,211,3678,279,2847,24,350,27,270,138,1401,152,1274,0,12,349,5079,431,4121,1,16,9,AFC,0.7108,61,85
Chiefs,13,342,4020,214,3061,34,384,28,298,89,1490,106,1380,2,14,431,5510,320,4441,3,19,10,AFC,0.7108,61,85
Chiefs,14,313,4333,125,3186,30,414,24,322,189,1679,94,1474,1,15,502,6012,219,4660,2,21,11,AFC,0.7108,61,85
Chiefs,15,220,4553,200,3386,24,438,10,332,77,1756,133,1607,1,16,297,6309,333,4993,0,21,12,AFC,0.7108,61,85
Chiefs,16,328,4881,190,3576,27,465,24,356,46,1802,117,1724,2,18,374,6683,307,5300,2,23,13,AFC,0.7108,61,85
Chiefs,17,181,5062,180,3756,31,496,13,369,168,1970,99,1823,2,20,349,7032,279,5579,0,23,14,AFC,0.7108,61,85
Chargers,1,279,279,256,256,24,24,19,19,76,76,64,64,3,3,355,355,320,320,0,0,1,AFC,0.5455,42,76
Chargers,2,326,605,226,482,24,48,27,46,75,151,93,157,0,3,401,756,319,639,1,1,1,AFC,0.5455,42,76
Chargers,3,286,891,262,744,10,58,38,84,26,177,151,308,0,3,312,1068,413,1052,2,3,1,AFC,0.5455,42,76
Chargers,4,338,1229,215,959,34,92,24,108,81,258,131,439,2,5,419,1487,346,1398,1,4,2,AFC,0.5455,42,76
Chargers,5,227,1456,230,1189,30,122,28,136,238,496,213,652,1,6,465,1952,443,1841,0,4,3,AFC,0.5455,42,76
Chargers,6,224,1680,160,1349,19,141,16,152,73,569,98,750,1,7,297,2249,258,2099,1,5,4,AFC,0.5455,42,76
Chargers,7,245,1925,114,1463,23,164,37,189,91,660,201,951,2,9,336,2585,315,2414,2,7,4,AFC,0.5455,42,76
Chargers,8,245,2170,114,1577,20,184,17,206,91,751,201,1152,2,11,336,2921,315,2729,2,9,5,AFC,0.5455,42,76
Chargers,9,187,2357,230,1807,16,200,22,228,51,802,157,1309,1,12,238,3159,387,3116,1,10,5,AFC,0.5455,42,76
Chargers,10,250,2607,322,2129,27,227,30,258,115,917,163,1472,1,13,365,3524,485,3601,2,12,5,AFC,0.5455,42,76
Chargers,11,246,2853,185,2314,25,252,24,282,65,982,181,1653,2,15,311,3835,366,3967,0,12,6,AFC,0.5455,42,76
Chargers,12,314,3167,250,2564,20,272,27,309,72,1054,154,1807,2,17,386,4221,404,4371,1,13,6,AFC,0.5455,42,76
Chargers,13,350,3517,127,2691,23,295,17,326,82,1136,92,1899,0,17,432,4653,219,4590,0,13,7,AFC,0.5455,42,76
Chargers,14,291,3808,157,2848,17,312,14,340,74,1210,127,2026,1,18,365,5018,284,4874,2,15,8,AFC,0.5455,42,76
Chargers,15,213,4021,104,2952,20,332,3,343,101,1311,69,2095,3,21,314,5332,173,5047,2,17,9,AFC,0.5455,42,76
Chargers,16,239,4260,111,3063,31,363,10,353,192,1503,166,2261,1,22,431,5763,277,5324,0,17,10,AFC,0.5455,42,76
Chargers,17,293,4553,266,3329,28,391,31,384,59,1562,205,2466,2,24,352,6115,471,5795,2,19,10,AFC,0.5455,42,76
Raiders,1,256,256,279,279,19,19,24,24,64,64,76,76,0,0,320,320,355,355,3,3,0,AFC,0.4894,43,87
Raiders,2,244,500,270,549,23,42,29,53,80,144,143,219,1,1,324,644,413,768,1,4,0,AFC,0.4894,43,87
Raiders,3,300,800,252,801,22,64,24,77,96,240,109,328,1,2,396,1040,361,1129,1,5,0,AFC,0.4894,43,87
Raiders,4,173,973,214,1015,32,96,23,100,212,452,85,413,1,3,385,1425,299,1428,0,5,1,AFC,0.4894,43,87
Raiders,5,223,1196,265,1280,29,125,30,130,155,607,103,516,0,3,378,1803,368,1796,0,5,1,AFC,0.4894,43,87
Raiders,6,236,1432,296,1576,38,163,20,150,164,771,108,624,1,4,400,2203,404,2200,0,5,2,AFC,0.4894,43,87
Raiders,7,145,1577,231,1807,0,163,24,174,38,809,136,760,0,4,183,2386,367,2567,1,6,2,AFC,0.4894,43,87
Raiders,8,248,1825,235,2042,20,183,27,201,73,882,168,928,1,5,321,2707,403,2970,1,7,2,AFC,0.4894,43,87
Raiders,9,232,2057,208,2250,20,203,25,226,77,959,207,1135,1,6,309,3016,415,3385,0,7,2,AFC,0.4894,43,87
Raiders,10,298,2355,226,2476,22,225,16,242,109,1068,94,1229,0,6,407,3423,320,3705,0,7,3,AFC,0.4894,43,87
Raiders,11,293,2648,307,2783,40,265,34,276,283,1351,65,1294,2,8,576,3999,372,4077,2,9,4,AFC,0.4894,43,87
Raiders,12,250,2898,314,3097,27,292,20,296,154,1505,72,1366,1,9,404,4403,386,4463,2,11,5,AFC,0.4894,43,87
Raiders,13,137,3035,211,3308,16,308,17,313,165,1670,71,1437,1,10,302,4705,282,4745,2,13,5,AFC,0.4894,43,87
Raiders,14,211,3246,112,3420,30,338,24,337,97,1767,206,1643,1,11,308,5013,318,5063,1,14,6,AFC,0.4894,43,87
Raiders,15,143,3389,244,3664,10,348,13,350,58,1825,106,1749,1,12,201,5214,350,5413,3,17,6,AFC,0.4894,43,87
Raiders,16,365,3754,284,3948,34,382,37,387,135,1960,170,1919,1,13,500,5714,454,5867,2,19,6,AFC,0.4894,43,87
Raiders,17,180,3934,181,4129,13,395,31,418,99,2059,168,2087,0,13,279,5993,349,6216,2,21,6,AFC,0.4894,43,87
Broncos,1,330,330,177,177,16,16,17,17,103,103,76,76,1,1,433,433,252,252,2,2,0,AFC,0.5556,29,52
Broncos,2,201,531,154,331,16,32,9,26,149,252,80,156,0,1,350,783,234,486,1,3,1,AFC,0.5556,29,52
Broncos,3,160,691,179,510,11,43,10,36,101,353,88,244,3,4,261,1044,267,753,0,3,2,AFC,0.5556,29,52
Broncos,4,214,905,173,683,23,66,32,68,85,438,212,456,0,4,299,1343,385,1138,1,4,2,AFC,0.5556,29,52
Broncos,5,250,1155,200,883,9,75,12,80,125,563,106,562,2,6,375,1718,306,1444,2,6,2,AFC,0.5556,29,52
Broncos,6,160,1315,224,1107,16,91,19,99,98,661,73,635,1,7,258,1976,297,1741,1,7,2,AFC,0.5556,29,52
Broncos,7,219,1534,105,1212,9,100,16,115,105,766,155,790,0,7,324,2300,260,2001,1,8,2,AFC,0.5556,29,52
Broncos,8,230,1764,114,1326,21,121,17,132,101,867,191,981,2,9,331,2631,305,2306,1,9,3,AFC,0.5556,29,52
Broncos,9,248,2012,244,1570,10,131,17,149,65,932,63,1044,1,10,313,2944,307,2613,1,10,3,AFC,0.5556,29,52
Broncos,10,226,2238,298,1868,16,147,22,171,94,1026,109,1153,0,10,320,3264,407,3020,0,10,3,AFC,0.5556,29,52
Broncos,11,125,2363,164,2032,10,157,23,194,121,1147,185,1338,1,11,246,3510,349,3369,2,12,3,AFC,0.5556,29,52
Broncos,12,184,2547,182,2214,9,166,10,204,88,1235,103,1441,2,13,272,3782,285,3654,0,12,3,AFC,0.5556,29,52
Broncos,13,214,2761,342,2556,28,194,34,238,106,1341,89,1530,3,16,320,4102,431,4085,2,14,3,AFC,0.5556,29,52
Broncos,14,156,2917,167,2723,24,218,15,253,168,1509,73,1603,3,19,324,4426,240,4325,2,16,4,AFC,0.5556,29,52
Broncos,15,219,3136,230,2953,14,232,51,304,104,1613,158,1761,0,19,323,4749,388,4713,4,20,4,AFC,0.5556,29,52
Broncos,16,190,3326,328,3281,24,256,27,331,117,1730,46,1807,2,21,307,5056,374,5087,2,22,4,AFC,0.5556,29,52
Broncos,17,266,3592,293,3574,31,287,28,359,205,1935,59,1866,2,23,471,5527,352,5439,2,24,5,AFC,0.5556,29,52
Ravens,1,211,211,297,297,24,24,9,9,63,63,83,83,2,2,274,274,380,380,1,1,1,AFC,0.4444,34,76
Ravens,2,318,529,461,758,38,62,42,51,155,218,86,169,2,4,473,747,547,927,0,1,1,AFC,0.4444,34,76
Ravens,3,207,736,302,1060,37,99,26,77,188,406,145,314,4,8,394,1141,447,1374,2,3,2,AFC,0.4444,34,76
Ravens,4,134,870,201,1261,20,119,23,100,162,568,125,439,2,10,296,1437,326,1700,2,5,2,AFC,0.4444,34,76
Ravens,5,170,1040,190,1451,19,138,17,117,155,723,101,540,1,11,325,1762,291,1991,1,6,3,AFC,0.4444,34,76
Ravens,6,195,1235,155,1606,20,158,24,141,211,934,83,623,1,12,406,2168,238,2229,2,8,3,AFC,0.4444,34,76
Ravens,7,94,1329,223,1829,23,181,20,161,160,1094,113,736,2,14,254,2422,336,2565,1,9,4,AFC,0.4444,34,76
Ravens,8,222,1551,305,2134,27,208,22,183,231,1325,44,780,1,15,453,2875,349,2914,0,9,5,AFC,0.4444,34,76
Ravens,9,131,1682,195,2329,27,235,13,196,188,1513,48,828,1,16,319,3194,243,3157,0,9,6,AFC,0.4444,34,76
Ravens,10,193,1875,169,2498,13,248,3,199,115,1628,36,864,3,19,308,3502,205,3362,1,10,7,AFC,0.4444,34,76
Ravens,11,253,2128,294,2792,27,275,28,227,162,1790,38,902,1,20,415,3917,332,3694,2,12,7,AFC,0.4444,34,76
Ravens,12,182,2310,184,2976,10,285,9,236,103,1893,88,990,0,20,285,4202,272,3966,2,14,8,AFC,0.4444,34,76
Ravens,13,94,2404,264,3240,16,301,14,250,215,2108,65,1055,3,23,309,4511,329,4295,0,14,9,AFC,0.4444,34,76
Ravens,14,126,2530,140,3380,3,304,13,263,198,2306,143,1198,0,23,324,4835,283,4578,2,16,9,AFC,0.4444,34,76
Ravens,15,115,2645,212,3592,17,321,9,272,184,2490,115,1313,1,24,299,5134,327,4905,0,16,10,AFC,0.4444,34,76
Ravens,16,120,2765,153,3745,13,334,16,288,120,2610,198,1511,0,24,240,5374,351,5256,1,17,10,AFC,0.4444,34,76
Ravens,17,276,3041,202,3947,16,350,27,315,110,2720,55,1566,1,25,386,5760,257,5513,4,21,10,AFC,0.4444,34,76
Steelers,1,192,192,299,299,23,23,20,20,75,75,133,133,5,5,267,267,432,432,0,0,1,AFC,0.5192,29,55
Steelers,2,152,344,252,551,14,37,17,37,91,166,124,257,1,6,243,510,376,808,2,2,1,AFC,0.5192,29,55
Steelers,3,204,548,205,756,17,54,29,66,104,270,171,428,0,6,308,818,376,1184,1,3,1,AFC,0.5192,29,55
Steelers,4,178,726,250,1006,20,74,24,90,119,389,98,526,2,8,297,1115,348,1532,4,7,1,AFC,0.5192,29,55
Steelers,5,310,1036,432,1438,3,77,38,128,54,443,120,646,2,10,364,1479,552,2084,2,9,1,AFC,0.5192,29,55
Steelers,6,193,1229,229,1667,20,97,18,146,77,520,75,721,0,10,270,1749,304,2388,0,9,2,AFC,0.5192,29,55
Steelers,7,246,1475,261,1928,10,107,16,162,95,615,111,832,0,10,341,2090,372,2760,3,12,2,AFC,0.5192,29,55
Steelers,8,158,1633,290,2218,13,120,35,197,144,759,111,943,0,10,302,2392,401,3161,2,14,2,AFC,0.5192,29,55
Steelers,9,162,1795,157,2375,20,140,10,207,217,976,29,972,2,12,379,2771,186,3347,0,14,3,AFC,0.5192,29,55
Steelers,10,249,2044,346,2721,30,170,37,244,102,1078,62,1034,2,14,351,3122,408,3755,0,14,3,AFC,0.5192,29,55
Steelers,11,151,2195,180,2901,24,194,17,261,172,1250,110,1144,2,16,323,3445,290,4045,0,14,4,AFC,0.5192,29,55
Steelers,12,197,2392,160,3061,19,213,16,277,154,1404,146,1290,1,17,351,3796,306,4351,0,14,5,AFC,0.5192,29,55
Steelers,13,264,2656,94,3155,14,227,16,293,65,1469,215,1505,0,17,329,4125,309,4660,3,17,5,AFC,0.5192,29,55
Steelers,14,169,2825,188,3343,24,251,16,309,156,1625,21,1526,0,17,325,4450,209,4869,0,17,6,AFC,0.5192,29,55
Steelers,15,244,3069,143,3486,13,264,10,319,106,1731,58,1584,3,20,350,4800,201,5070,1,18,7,AFC,0.5192,29,55
Steelers,16,153,3222,120,3606,16,280,13,332,198,1929,120,1704,1,21,351,5151,240,5310,0,18,8,AFC,0.5192,29,55
Steelers,17,189,3411,173,3779,28,308,14,346,144,2073,134,1838,2,23,333,5484,307,5617,1,19,9,AFC,0.5192,29,55
Browns,1,138,138,207,207,26,26,24,24,217,217,54,54,1,1,355,355,261,261,0,0,1,AFC,0.5357,42,78
Browns,2,221,359,309,516,30,56,31,55,184,401,93,147,1,2,405,760,402,663,1,1,1,AFC,0.5357,42,78
Browns,3,205,564,204,720,29,85,17,72,171,572,104,251,1,3,376,1136,308,971,0,1,2,AFC,0.5357,42,78
Browns,4,226,790,131,851,20,105,23,95,177,749,202,453,1,4,403,1539,333,1304,2,3,2,AFC,0.5357,42,78
Browns,5,230,1020,227,1078,28,133,30,125,213,962,238,691,0,4,443,1982,465,1769,1,4,2,AFC,0.5357,42,78
Browns,6,258,1278,301,1379,15,148,38,163,70,1032,98,789,1,5,328,2310,399,2168,4,8,2,AFC,0.5357,42,78
Browns,7,223,1501,94,1473,20,168,23,186,113,1145,160,949,1,6,336,2646,254,2422,2,10,2,AFC,0.5357,42,78
Browns,8,268,1769,193,1666,32,200,13,199,172,1317,36,985,2,8,440,3086,229,2651,2,12,3,AFC,0.5357,42,78
Browns,9,185,1954,296,1962,17,217,39,238,112,1429,195,1180,0,8,297,3383,491,3142,1,13,3,AFC,0.5357,42,78
Browns,10,316,2270,186,2148,23,240,31,269,80,1509,171,1351,0,8,296,3679,357,3499,1,14,3,AFC,0.5357,42,78
Browns,11,178,2448,229,2377,23,263,17,286,189,1698,96,1447,0,8,367,4046,325,3824,1,15,4,AFC,0.5357,42,78
Browns,12,130,2578,201,2578,27,290,14,300,174,1872,82,1529,4,12,304,4350,283,4107,2,17,5,AFC,0.5357,42,78
Browns,13,273,2851,227,2805,10,300,23,323,71,1943,136,1665,1,13,344,4694,363,4470,1,18,5,AFC,0.5357,42,78
Browns,14,140,2991,126,2931,13,313,3,326,143,2086,198,1863,2,15,283,4977,324,4794,0,18,6,AFC,0.5357,42,78
Browns,15,125,3116,92,3023,10,323,17,343,124,2210,152,2015,1,16,249,5226,244,5038,1,19,6,AFC,0.5357,42,78
Browns,16,155,3271,124,3147,24,347,10,353,146,2356,136,2151,3,19,301,5527,260,5298,0,19,7,AFC,0.5357,42,78
Browns,17,173,3444,189,3336,14,361,28,381,134,2490,144,2295,1,20,307,5834,333,5631,2,21,7,AFC,0.5357,42,78
Bengals,1,299,299,192,192,20,20,23,23,133,133,75,75,0,0,432,432,267,267,5,5,0,AFC,0.6364,50,78
Bengals,2,165,464,230,422,17,37,20,43,89,222,107,182,1,1,254,686,337,604,0,5,0,AFC,0.6364,50,78
Bengals,3,261,725,252,674,27,64,12,55,69,291,76,258,4,5,330,1016,328,932,1,6,1,AFC,0.6364,50,78
Bengals,4,304,1029,293,967,27,91,15,70,67,358,85,343,2,7,371,1387,378,1310,0,6,2,AFC,0.6364,50,78
Bengals,5,190,1219,170,1137,17,108,19,89,101,459,155,498,1,8,291,1678,325,1635,1,7,2,AFC,0.6364,50,78
Bengals,6,273,1492,171,1308,30,138,26,115,75,534,228,726,0,8,348,2026,399,2034,1,8,3,AFC,0.6364,50,78
Bengals,7,459,1951,107,1415,35,173,17,132,78,612,107,833,0,8,537,2563,214,2248,0,8,4,AFC,0.6364,50,78
Bengals,8,193,2144,268,1683,13,186,32,164,36,648,171,1004,2,10,229,2792,440,2688,2,10,4,AFC,0.6364,50,78
Bengals,9,223,2367,164,1847,42,228,21,185,241,889,64,1068,3,13,464,3256,228,2916,0,10,5,AFC,0.6364,50,78
Bengals,10,346,2713,249,2096,37,265,30,215,62,951,102,1170,0,13,408,3664,351,3267,2,12,6,AFC,0.6364,50,78
Bengals,11,266,2979,281,2377,20,285,16,231,108,1059,63,1233,0,13,374,4038,344,3611,0,12,7,AFC,0.6364,50,78
Bengals,12,279,3258,211,2588,27,312,24,255,152,1211,138,1371,1,14,431,4469,349,3960,0,12,8,AFC,0.6364,50,78
Bengals,13,227,3485,273,2861,23,335,10,265,136,1347,71,1442,1,15,363,4832,344,4304,1,13,9,AFC,0.6364,50,78
Bengals,14,184,3669,304,3165,34,369,23,288,53,1400,92,1534,4,19,237,5069,396,4700,1,14,10,AFC,0.6364,50,78
Bengals,15,369,4038,224,3389,22,391,18,306,73,1473,61,1595,1,20,442,5511,285,4985,3,17,11,AFC,0.6364,50,78
Bengals,16,240,4278,296,3685,27,418,31,337,122,1595,105,1700,1,21,362,5873,401,5386,2,19,11,AFC,0.6364,50,78
Bengals,17,202,4480,276,3961,27,445,16,353,55,1650,110,1810,4,25,257,6130,386,5772,1,20,12,AFC,0.6364,50,78
Jaguars,1,260,260,305,305,22,22,28,28,123,123,85,85,3,3,383,383,390,390,1,1,0,AFC,0.5538,45,81
Jaguars,2,235,495,164,469,24,46,0,28,96,219,54,139,3,6,331,714,218,608,0,1,1,AFC,0.5538,45,81
Jaguars,3,262,757,286,755,38,84,10,38,151,370,26,165,2,8,413,1127,312,920,0,1,2,AFC,0.5538,45,81
Jaguars,4,148,905,191,946,21,105,19,57,71,441,210,375,1,9,219,1346,401,1321,5,6,3,AFC,0.5538,45,81
Jaguars,5,286,1191,132,1078,6,111,13,70,136,577,116,491,0,9,422,1768,248,1569,2,8,3,AFC,0.5538,45,81
Jaguars,6,136,1327,389,1467,27,138,34,104,243,820,45,536,0,9,379,2147,434,2003,1,9,3,AFC,0.5538,45,81
Jaguars,7,310,1637,200,1667,17,155,23,127,142,962,236,772,0,9,452,2599,436,2439,1,10,3,AFC,0.5538,45,81
Jaguars,8,114,1751,230,1897,17,172,21,148,191,1153,101,873,1,10,305,2904,331,2770,2,12,3,AFC,0.5538,45,81
Jaguars,9,235,1986,248,2145,27,199,20,168,168,1321,73,946,1,11,403,3307,321,3091,1,13,4,AFC,0.5538,45,81
Jaguars,10,240,2226,331,2476,17,216,27,195,75,1396,155,1101,3,14,315,3622,486,3577,0,13,4,AFC,0.5538,45,81
Jaguars,11,294,2520,253,2729,28,244,27,222,38,1434,162,1263,2,16,332,3954,415,3992,1,14,5,AFC,0.5538,45,81
Jaguars,12,171,2691,337,3066,14,258,40,262,95,1529,100,1363,0,16,366,4320,437,4429,1,15,5,AFC,0.5538,45,81
Jaguars,13,368,3059,227,3293,36,294,22,284,60,1589,137,1500,4,20,428,4748,364,4793,0,15,6,AFC,0.5538,45,81
Jaguars,14,311,3370,243,3536,40,334,34,318,192,1781,154,1654,2,22,503,5251,397,5190,3,18,7,AFC,0.5538,45,81
Jaguars,15,218,3588,161,3697,19,353,3,321,147,1928,66,1720,2,24,365,5616,227,5417,1,19,8,AFC,0.5538,45,81
Jaguars,16,168,3756,193,3890,31,384,3,324,269,2197,84,1804,1,25,337,5953,277,5694,2,21,9,AFC,0.5538,45,81
Jaguars,17,203,3959,165,4055,20,404,16,340,19,2216,147,1951,2,27,222,6175,312,6006,1,22,10,AFC,0.5538,45,81
Texans,1,222,222,340,340,20,20,20,20,77,77,177,177,2,2,299,299,517,517,1,1,0.5,AFC,0.4792,29,60
Texans,2,154,376,201,541,9,29,16,36,80,157,149,326,1,3,234,533,350,867,0,1,0.5,AFC,0.4792,29,60
Texans,3,237,613,82,623,20,49,23,59,92,249,281,607,2,5,329,862,363,1230,2,3,0.5,AFC,0.4792,29,60
Texans,4,215,828,338,961,24,73,34,93,131,380,81,688,1,6,346,1208,419,1649,2,5,0.5,AFC,0.4792,29,60
Texans,5,132,960,286,1247,13,86,6,99,116,496,136,824,2,8,248,1456,422,2071,0,5,1.5,AFC,0.4792,29,60
Texans,6,296,1256,236,1483,20,106,38,137,108,604,164,988,0,8,404,1860,400,2471,1,6,1.5,AFC,0.4792,29,60
Texans,7,118,1374,40,1523,10,116,17,154,43,647,314,1302,2,10,161,2021,354,2825,1,7,1.5,AFC,0.4792,29,60
Texans,8,135,1509,217,1740,17,133,29,183,168,815,143,1445,1,11,303,2324,360,3185,2,9,1.5,AFC,0.4792,29,60
Texans,9,286,1795,176,1916,16,149,24,207,101,916,191,1636,0,11,387,2711,367,3552,2,11,1.5,AFC,0.4792,29,60
Texans,10,127,1922,191,2107,10,159,23,230,21,937,153,1789,0,11,148,2859,344,3896,2,13,1.5,AFC,0.4792,29,60
Texans,11,174,2096,273,2380,15,174,30,260,36,973,66,1855,1,12,210,3069,339,4235,3,16,1.5,AFC,0.4792,29,60
Texans,12,201,2297,130,2510,14,188,27,287,82,1055,174,2029,2,14,283,3352,304,4539,4,20,1.5,AFC,0.4792,29,60
Texans,13,213,2510,277,2787,23,211,27,314,114,1169,127,2156,3,17,327,3679,404,4943,2,22,1.5,AFC,0.4792,29,60
Texans,14,125,2635,313,3100,24,235,30,344,94,1263,189,2345,2,19,219,3898,502,5445,1,23,1.5,AFC,0.4792,29,60
Texans,15,215,2850,88,3188,19,254,14,358,70,1333,184,2529,3,22,285,4183,272,5717,1,24,2.5,AFC,0.4792,29,60
Texans,16,193,3043,168,3356,3,257,31,389,84,1417,169,2698,2,24,277,4460,337,6054,1,25,2.5,AFC,0.4792,29,60
Texans,17,301,3344,202,3558,32,289,31,420,59,1476,196,2894,3,27,360,4820,398,6452,3,28,3.5,AFC,0.4792,29,60
Colts,1,340,340,222,222,20,20,20,20,177,177,77,77,1,1,517,517,299,299,2,2,0.5,AFC,0.4583,29,63
Colts,2,164,504,235,457,0,20,24,44,54,231,96,173,0,1,218,735,331,630,3,5,0.5,AFC,0.4583,29,63
Colts,3,177,681,257,714,20,40,17,61,82,313,58,231,2,3,259,994,315,945,1,6,1.5,AFC,0.4583,29,63
Colts,4,327,1008,116,830,17,57,24,85,38,351,127,358,0,3,365,1359,243,1188,3,9,1.5,AFC,0.4583,29,63
Colts,5,200,1208,250,1080,12,69,9,94,106,457,125,483,2,5,306,1665,375,1563,2,11,2.5,AFC,0.4583,29,63
Colts,6,389,1597,136,1216,34,103,27,121,45,502,243,726,1,6,434,2099,379,1942,0,11,3.5,AFC,0.4583,29,63
Colts,7,227,1824,116,1332,10,113,19,140,65,567,138,864,1,7,292,2391,254,2196,3,14,3.5,AFC,0.4583,29,63
Colts,8,185,2009,173,1505,16,129,17,157,99,666,141,1005,2,9,284,2675,314,2510,1,15,3.5,AFC,0.4583,29,63
Colts,9,43,2052,133,1638,3,132,26,183,78,744,70,1075,1,10,121,2796,203,2713,1,16,3.5,AFC,0.4583,29,63
Colts,10,208,2260,232,1870,25,157,20,203,207,951,77,1152,0,10,415,3211,309,3022,1,17,4.5,AFC,0.4583,29,63
Colts,11,185,2445,173,2043,16,173,17,220,99,1050,141,1293,2,12,284,3495,314,3336,1,18,4.5,AFC,0.4583,29,63
Colts,12,180,2625,151,2194,17,190,24,244,110,1160,172,1465,0,12,290,3785,323,3659,2,20,4.5,AFC,0.4583,29,63
Colts,13,203,2828,165,2359,19,209,54,298,106,1266,220,1685,1,13,309,4094,385,4044,5,25,4.5,AFC,0.4583,29,63
Colts,14,170,2998,426,2785,36,245,39,337,171,1437,92,1777,3,16,341,4435,518,4562,1,26,4.5,AFC,0.4583,29,63
Colts,15,104,3102,213,2998,3,248,20,357,69,1506,101,1878,2,18,173,4608,314,4876,3,29,4.5,AFC,0.4583,29,63
Colts,16,124,3226,177,3175,10,258,38,395,128,1634,217,2095,1,19,252,4860,394,5270,1,30,4.5,AFC,0.4583,29,63
Colts,17,202,3428,301,3476,31,289,32,427,196,1830,59,2154,3,22,398,5258,360,5630,3,33,4.5,AFC,0.4583,29,63
Titans,1,266,266,156,156,20,20,21,21,93,93,238,238,2,2,359,359,394,394,1,1,0,AFC,0.6429,34,52
Titans,2,107,373,313,469,7,27,41,62,80,173,101,339,0,2,187,546,414,808,4,5,0,AFC,0.6429,34,52
Titans,3,252,625,300,769,24,51,22,84,109,282,96,435,1,3,361,907,396,1204,1,6,1,AFC,0.6429,34,52
Titans,4,116,741,327,1096,24,75,17,101,127,409,38,473,3,6,243,1150,365,1569,0,6,2,AFC,0.6429,34,52
Titans,5,136,877,342,1438,21,96,17,118,105,514,43,516,1,7,241,1391,385,1954,0,6,3,AFC,0.6429,34,52
Titans,6,116,993,227,1665,19,115,10,128,138,652,65,581,3,10,254,1645,292,2246,1,7,4,AFC,0.6429,34,52
Titans,7,40,1033,118,1783,17,132,10,138,314,966,43,624,1,11,354,1999,161,2407,2,9,5,AFC,0.6429,34,52
Titans,8,57,1090,422,2205,17,149,20,158,172,1138,77,701,1,12,229,2228,499,2906,0,9,5,AFC,0.6429,34,52
Titans,9,244,1334,248,2453,17,166,10,168,63,1201,65,766,1,13,307,2535,313,3219,1,10,6,AFC,0.6429,34,52
Titans,10,320,1654,215,2668,27,193,17,185,88,1289,56,822,0,13,408,2943,271,3490,1,11,7,AFC,0.6429,34,52
Titans,11,281,1935,266,2934,16,209,20,205,63,1352,108,930,0,13,344,3287,374,3864,0,11,7,AFC,0.6429,34,52
Titans,12,122,2057,386,3320,10,219,35,240,87,1439,67,997,0,13,209,3496,453,4317,0,11,7,AFC,0.6429,34,52
Titans,13,227,2284,368,3688,22,241,36,276,137,1576,60,1057,0,13,364,3860,428,4745,4,15,7,AFC,0.6429,34,52
Titans,14,157,2441,291,3979,14,255,17,293,127,1703,74,1131,2,15,284,4144,365,5110,1,16,7,AFC,0.6429,34,52
Titans,15,88,2529,215,4194,14,269,19,312,184,1887,70,1201,1,16,272,4416,285,5395,3,19,7,AFC,0.6429,34,52
Titans,16,220,2749,274,4468,13,282,27,339,97,1984,87,1288,3,19,317,4733,361,5756,2,21,7,AFC,0.6429,34,52
Titans,17,165,2914,203,4671,16,298,20,359,147,2131,19,1307,1,20,312,5045,222,5978,2,23,7,AFC,0.6429,34,52
Eagles,1,239,239,205,205,38,38,35,35,216,216,181,181,1,1,455,455,386,386,0,0,1,NFC,0.68,59,86
Eagles,2,323,562,202,407,24,62,7,42,163,379,62,243,3,4,486,941,264,650,1,1,2,NFC,0.68,59,86
Eagles,3,328,890,153,560,24,86,8,50,72,451,87,330,1,5,400,1341,240,890,0,1,3,NFC,0.68,59,86
Eagles,4,191,1081,148,708,29,115,21,71,210,661,71,401,5,10,401,1742,219,1109,1,2,4,NFC,0.68,59,86
Eagles,5,218,1299,239,947,20,135,17,88,139,800,124,525,1,11,357,2099,363,1472,0,2,5,NFC,0.68,59,86
Eagles,6,132,1431,181,1128,26,161,17,105,136,936,134,659,3,14,268,2367,315,1787,0,2,6,NFC,0.68,59,86
Eagles,7,290,1721,158,1286,35,196,13,118,111,1047,144,803,2,16,401,2768,302,2089,0,2,7,NFC,0.68,59,86
Eagles,8,217,1938,135,1421,29,225,17,135,143,1190,168,971,2,18,360,3128,303,2392,1,3,8,NFC,0.68,59,86
Eagles,9,170,2108,178,1599,21,246,32,167,94,1284,152,1123,2,20,264,3392,330,2722,4,7,8,NFC,0.68,59,86
Eagles,10,173,2281,185,1784,17,263,16,183,141,1425,99,1222,1,21,314,3706,284,3006,2,9,9,NFC,0.68,59,86
Eagles,11,137,2418,236,2020,40,303,33,216,363,1788,106,1328,2,23,500,4206,342,3348,1,10,10,NFC,0.68,59,86
Eagles,12,386,2804,122,2142,35,338,10,226,67,1855,87,1415,0,23,453,4659,209,3557,0,10,11,NFC,0.68,59,86
Eagles,13,184,2988,181,2323,48,386,22,248,253,2108,123,1538,1,24,437,5096,304,3861,0,10,12,NFC,0.68,59,86
Eagles,14,309,3297,91,2414,25,411,20,268,112,2220,157,1695,1,25,421,5517,248,4109,3,13,13,NFC,0.68,59,86
Eagles,15,355,3652,304,2718,34,445,40,308,87,2307,115,1810,1,26,442,5959,419,4528,4,17,13,NFC,0.68,59,86
Eagles,16,246,3898,184,2902,10,455,20,328,67,2374,129,1939,0,26,313,6272,313,4841,1,18,13,NFC,0.68,59,86
Eagles,17,207,4105,155,3057,22,477,16,344,135,2509,129,2068,0,26,342,6614,284,5125,1,19,14,NFC,0.68,59,86
Cowboys,1,173,173,195,195,3,3,19,19,71,71,152,152,1,1,244,244,347,347,1,1,0,NFC,0.7143,55,76
Cowboys,2,230,403,165,360,20,23,17,36,107,178,89,241,0,1,337,581,254,601,1,2,1,NFC,0.7143,55,76
Cowboys,3,215,618,169,529,23,46,16,52,176,354,167,408,1,2,391,972,336,937,0,2,2,NFC,0.7143,55,76
Cowboys,4,217,835,155,684,25,71,10,62,62,416,142,550,2,4,279,1251,297,1234,0,2,3,NFC,0.7143,55,76
Cowboys,5,76,911,285,969,22,93,10,72,163,579,38,588,3,7,239,1490,323,1557,0,2,4,NFC,0.7143,55,76
Cowboys,6,181,1092,132,1101,17,110,26,98,134,713,136,724,0,7,315,1805,268,1825,3,5,4,NFC,0.7143,55,76
Cowboys,7,191,1283,195,1296,24,134,6,104,139,852,117,841,5,12,330,2135,312,2137,1,6,5,NFC,0.7143,55,76
Cowboys,8,242,1525,131,1427,49,183,29,133,200,1052,240,1081,1,13,442,2577,371,2508,1,7,6,NFC,0.7143,55,76
Cowboys,9,262,1787,208,1635,28,211,31,164,159,1211,207,1288,2,15,421,2998,415,2923,2,9,6,NFC,0.7143,55,76
Cowboys,10,307,2094,110,1745,40,251,3,167,151,1362,73,1361,1,16,458,3456,183,3106,0,9,7,NFC,0.7143,55,76
Cowboys,11,261,2355,210,1955,28,279,20,187,169,1531,90,1451,0,16,430,3886,300,3406,2,11,8,NFC,0.7143,55,76
Cowboys,12,165,2520,203,2158,54,333,19,206,220,1751,106,1557,5,21,385,4271,309,3715,1,12,9,NFC,0.7143,55,76
Cowboys,13,277,2797,213,2371,27,360,23,229,127,1878,114,1671,2,23,404,4675,327,4042,3,15,10,NFC,0.7143,55,76
Cowboys,14,243,3040,311,2682,34,394,40,269,154,2032,192,1863,3,26,397,5072,503,4545,2,17,10,NFC,0.7143,55,76
Cowboys,15,304,3344,355,3037,40,434,34,303,115,2147,87,1950,4,30,419,5491,442,4987,1,18,11,NFC,0.7143,55,76
Cowboys,16,274,3618,220,3257,27,461,13,316,87,2234,97,2047,2,32,361,5852,317,5304,3,21,12,NFC,0.7143,55,76
Cowboys,17,118,3736,158,3415,6,467,26,342,64,2298,151,2198,1,33,182,6034,309,5613,2,23,12,NFC,0.7143,55,76
Commanders,1,305,305,260,260,28,28,22,22,85,85,123,123,1,1,390,390,383,383,3,3,1,NFC,0.5106,36,70
Commanders,2,308,613,234,494,27,55,36,58,88,173,191,314,0,1,396,786,425,808,1,4,1,NFC,0.5106,36,70
Commanders,3,153,766,328,822,8,63,24,82,87,260,72,386,0,1,240,1026,400,1208,1,5,1,NFC,0.5106,36,70
Commanders,4,155,921,217,1039,10,73,25,107,142,402,62,448,0,1,297,1323,279,1487,2,7,1,NFC,0.5106,36,70
Commanders,5,342,1263,136,1175,17,90,21,128,43,445,105,553,0,1,385,1708,241,1728,1,8,1,NFC,0.5106,36,70
Commanders,6,86,1349,154,1329,12,102,7,135,128,573,237,790,2,3,214,1922,391,2119,0,8,2,NFC,0.5106,36,70
Commanders,7,198,1547,194,1523,23,125,21,156,166,739,38,828,1,4,364,2286,232,2351,1,9,3,NFC,0.5106,36,70
Commanders,8,266,1813,189,1712,17,142,16,172,96,835,135,963,2,6,362,2648,324,2675,1,10,4,NFC,0.5106,36,70
Commanders,9,126,1939,245,1957,17,159,20,192,137,972,56,1019,1,7,263,2911,301,2976,1,11,4,NFC,0.5106,36,70
Commanders,10,178,2117,170,2127,32,191,21,213,152,1124,94,1113,4,11,330,3241,264,3240,2,13,5,NFC,0.5106,36,70
Commanders,11,191,2308,127,2254,23,214,10,223,153,1277,21,1134,2,13,344,3585,148,3388,0,13,6,NFC,0.5106,36,70
Commanders,12,138,2446,165,2419,19,233,13,236,176,1453,167,1301,1,14,314,3899,332,3720,1,14,7,NFC,0.5106,36,70
Commanders,13,246,2692,182,2601,20,253,20,256,165,1618,134,1435,1,15,411,4310,316,4036,1,15,7.5,NFC,0.5106,36,70
Commanders,14,228,2920,160,2761,12,265,20,276,159,1777,128,1563,0,15,387,4697,288,4324,2,17,7.5,NFC,0.5106,36,70
Commanders,15,270,3190,218,2979,20,285,37,313,79,1856,153,1716,1,16,349,5046,371,4695,2,19,7.5,NFC,0.5106,36,70
Commanders,16,124,3314,155,3134,10,295,24,337,136,1992,146,1862,0,16,260,5306,301,4996,3,22,7.5,NFC,0.5106,36,70
Commanders,17,158,3472,118,3252,26,321,6,343,151,2143,64,1926,2,18,309,5615,182,5178,1,23,8.5,NFC,0.5106,36,70
Giants,1,156,156,266,266,21,21,20,20,238,238,93,93,1,1,394,394,359,359,2,2,1,NFC,0.6481,40,61
Giants,2,162,318,129,395,19,40,16,36,103,341,146,239,0,1,265,659,275,634,1,3,2,NFC,0.6481,40,61
Giants,3,169,487,215,610,16,56,23,59,167,508,176,415,0,1,336,995,391,1025,1,4,2,NFC,0.6481,40,61
Giants,4,71,558,155,765,20,76,12,71,262,770,149,564,3,4,333,1328,304,1329,2,6,3,NFC,0.6481,40,61
Giants,5,213,771,207,972,27,103,22,93,125,895,94,658,0,4,338,1666,301,1630,0,6,4,NFC,0.6481,40,61
Giants,6,155,926,195,1167,24,127,20,113,83,978,211,869,2,6,238,1904,406,2036,1,7,5,NFC,0.6481,40,61
Giants,7,200,1126,310,1477,23,150,17,130,236,1214,142,1011,1,7,436,2340,452,2488,0,7,6,NFC,0.6481,40,61
Giants,8,147,1273,190,1667,13,163,27,157,78,1292,87,1098,1,8,225,2565,277,2765,2,9,6,NFC,0.6481,40,61
Giants,9,176,1449,286,1953,24,187,16,173,191,1483,101,1199,2,10,367,2932,387,3152,0,9,7,NFC,0.6481,40,61
Giants,10,324,1773,165,2118,18,205,31,204,89,1572,160,1359,0,10,413,3345,325,3477,3,12,7,NFC,0.6481,40,61
Giants,11,210,1983,261,2379,20,225,28,232,90,1662,169,1528,2,12,300,3645,430,3907,0,12,7,NFC,0.6481,40,61
Giants,12,324,2307,165,2544,20,245,20,252,89,1751,160,1688,0,12,413,4058,325,4232,3,15,7.5,NFC,0.6481,40,61
Giants,13,181,2488,184,2728,22,267,48,300,123,1874,253,1941,0,12,304,4362,437,4669,1,16,7.5,NFC,0.6481,40,61
Giants,14,160,2648,228,2956,20,287,12,312,128,2002,159,2100,2,14,288,4650,387,5056,0,16,8.5,NFC,0.6481,40,61
Giants,15,319,2967,270,3226,24,311,27,339,126,2128,83,2183,0,14,445,5095,353,5409,2,18,8.5,NFC,0.6481,40,61
Giants,16,177,3144,124,3350,38,349,10,349,217,2345,128,2311,1,15,394,5489,252,5661,1,19,9.5,NFC,0.6481,40,61
Giants,17,155,3299,207,3557,16,365,22,371,129,2474,135,2446,1,16,284,5773,342,6003,0,19,9.5,NFC,0.6481,40,61
Niners,1,155,155,105,105,10,10,19,19,176,176,99,99,1,1,331,331,204,204,2,2,0,NFC,0.5278,53,100
Niners,2,184,339,180,285,27,37,7,26,189,365,36,135,3,4,373,704,216,420,0,2,1,NFC,0.5278,53,100
Niners,3,179,518,160,445,10,47,11,37,88,453,101,236,0,4,267,971,261,681,3,5,1,NFC,0.5278,53,100
Niners,4,239,757,200,645,24,71,9,46,88,541,57,293,2,6,327,1298,257,938,0,5,2,NFC,0.5278,53,100
Niners,5,244,1001,244,889,37,108,15,61,153,694,64,357,1,7,397,1695,308,1246,1,6,3,NFC,0.5278,53,100
Niners,6,296,1297,121,1010,14,122,28,89,50,744,168,525,0,7,346,2041,289,1535,3,9,3,NFC,0.5278,53,100
Niners,7,343,1640,417,1427,23,145,44,133,101,845,112,637,2,9,444,2485,529,2064,3,12,3,NFC,0.5278,53,100
Niners,8,257,1897,167,1594,31,176,14,147,111,956,56,693,0,9,368,2853,223,2287,0,12,4,NFC,0.5278,53,100
Niners,9,230,2127,187,1781,22,198,16,163,157,1113,51,744,1,10,387,3240,238,2525,1,13,5,NFC,0.5278,53,100
Niners,10,228,2355,247,2028,38,236,10,173,159,1272,67,811,2,12,387,3627,314,2839,0,13,6,NFC,0.5278,53,100
Niners,11,221,2576,197,2225,13,249,0,173,96,1368,63,874,2,14,317,3944,260,3099,0,13,7,NFC,0.5278,53,100
Niners,12,230,2806,275,2500,33,282,17,190,121,1489,33,907,4,18,351,4295,308,3407,1,14,8,NFC,0.5278,53,100
Niners,13,195,3001,253,2753,35,317,7,197,209,1698,69,976,3,21,404,4699,322,3729,1,15,9,NFC,0.5278,53,100
Niners,14,211,3212,207,2960,21,338,13,210,170,1868,70,1046,1,22,381,5080,277,4006,0,15,10,NFC,0.5278,53,100
Niners,15,218,3430,270,3230,37,375,20,230,153,2021,79,1125,2,24,371,5451,349,4355,1,16,11,NFC,0.5278,53,100
Niners,16,284,3714,365,3595,37,412,34,264,170,2191,135,1260,2,26,454,5905,500,4855,1,17,12,NFC,0.5278,53,100
Niners,17,142,3856,194,3789,38,450,13,277,169,2360,61,1321,4,30,311,6216,255,5110,0,17,13,NFC,0.5278,53,100
Seahawks,1,177,177,330,330,17,17,16,16,76,76,103,103,2,2,253,253,433,433,1,1,1,NFC,0.4828,44,91
Seahawks,2,180,357,184,514,7,24,27,43,36,112,189,292,0,2,216,469,373,806,3,4,1,NFC,0.4828,44,91
Seahawks,3,308,665,207,721,23,47,27,70,112,224,179,471,2,4,420,889,386,1192,1,5,1,NFC,0.4828,44,91
Seahawks,4,320,985,375,1096,48,95,45,115,235,459,145,616,2,6,555,1444,520,1712,1,6,2,NFC,0.4828,44,91
Seahawks,5,245,1230,203,1299,32,127,39,154,151,610,235,851,2,8,396,1840,438,2150,1,7,2,NFC,0.4828,44,91
Seahawks,6,160,1390,171,1470,19,146,9,163,136,746,144,995,2,10,296,2136,315,2465,1,8,3,NFC,0.4828,44,91
Seahawks,7,191,1581,276,1746,37,183,23,186,213,959,53,1048,2,12,404,2540,329,2794,2,10,4,NFC,0.4828,44,91
Seahawks,8,190,1771,147,1893,27,210,13,199,87,1046,78,1126,2,14,277,2817,225,3019,1,11,5,NFC,0.4828,44,91
Seahawks,9,263,2034,140,2033,31,241,21,220,158,1204,122,1248,1,15,421,3238,262,3281,1,12,6,NFC,0.4828,44,91
Seahawks,10,244,2278,258,2291,16,257,21,241,39,1243,161,1409,2,17,283,3521,419,3700,1,13,6,NFC,0.4828,44,91
Seahawks,11,307,2585,293,2584,34,291,40,281,65,1308,283,1692,2,19,372,3893,576,4276,2,15,6,NFC,0.4828,44,91
Seahawks,12,348,2933,148,2732,27,318,23,304,90,1398,171,1863,2,21,438,4331,319,4595,2,17,7,NFC,0.4828,44,91
Seahawks,13,241,3174,105,2837,24,342,30,334,46,1444,223,2086,0,21,287,4618,328,4923,2,19,7,NFC,0.4828,44,91
Seahawks,14,207,3381,211,3048,13,355,21,355,70,1514,170,2256,0,21,277,4895,381,5304,1,20,7,NFC,0.4828,44,91
Seahawks,15,200,3581,220,3268,10,365,24,379,133,1647,77,2333,0,21,333,5228,297,5601,1,21,7,NFC,0.4828,44,91
Seahawks,16,148,3729,204,3472,23,388,6,385,198,1845,75,2408,3,24,346,5574,279,5880,0,21,8,NFC,0.4828,44,91
Seahawks,17,205,3934,123,3595,19,407,16,401,197,2042,146,2554,1,25,402,5976,269,6149,2,23,9,NFC,0.4828,44,91
Rams,1,191,191,292,292,10,10,31,31,52,52,121,121,4,4,243,243,413,413,3,3,0,NFC,0.5556,32,57
Rams,2,272,463,171,463,31,41,27,58,65,117,90,211,3,7,337,580,261,674,3,6,1,NFC,0.5556,32,57
Rams,3,239,702,295,758,20,61,12,70,100,217,70,281,0,7,339,919,365,1039,1,7,2,NFC,0.5556,32,57
Rams,4,200,902,239,997,9,70,24,94,57,274,88,369,0,7,257,1176,327,1366,2,9,2,NFC,0.5556,32,57
Rams,5,285,1187,76,1073,10,80,22,116,38,312,163,532,0,7,323,1499,239,1605,3,12,2,NFC,0.5556,32,57
Rams,6,249,1436,110,1183,24,104,10,126,111,423,93,625,1,8,360,1859,203,1808,1,13,3,NFC,0.5556,32,57
Rams,7,167,1603,257,1440,14,118,31,157,56,479,111,736,0,8,223,2082,368,2176,0,13,3,NFC,0.5556,32,57
Rams,8,138,1741,272,1712,13,131,16,173,68,547,51,787,0,8,206,2288,323,2499,0,13,3,NFC,0.5556,32,57
Rams,9,190,1931,220,1932,17,148,27,200,66,613,78,865,0,8,256,2544,298,2797,2,15,3,NFC,0.5556,32,57
Rams,10,188,2119,272,2204,20,168,27,227,148,761,51,916,0,8,336,2880,323,3120,0,15,3,NFC,0.5556,32,57
Rams,11,82,2201,320,2524,10,178,26,253,116,877,117,1033,2,10,198,3078,437,3557,2,17,3,NFC,0.5556,32,57
Rams,12,148,2349,348,2872,23,201,27,280,171,1048,90,1123,2,12,319,3397,438,3995,2,19,3,NFC,0.5556,32,57
Rams,13,211,2560,137,3009,17,218,16,296,71,1119,165,1288,2,14,282,3679,302,4297,1,20,4,NFC,0.5556,32,57
Rams,14,84,2644,207,3216,12,230,24,320,72,1191,138,1426,2,16,156,3835,345,4642,1,21,4,NFC,0.5556,32,57
Rams,15,230,2874,219,3435,51,281,14,334,158,1349,104,1530,4,20,388,4223,323,4965,0,21,5,NFC,0.5556,32,57
Rams,16,111,2985,239,3674,10,291,31,365,166,1515,192,1722,0,20,277,4500,431,5396,1,22,5,NFC,0.5556,32,57
Rams,17,123,3108,205,3879,16,307,19,384,146,1661,197,1919,2,22,269,4769,402,5798,1,23,5,NFC,0.5556,32,57
Cardinals,1,179,179,360,360,21,21,44,44,103,103,128,128,1,1,282,282,488,488,0,0,0,NFC,0.5682,37,65
Cardinals,2,270,449,244,604,29,50,23,67,143,246,80,208,1,2,413,695,324,812,1,1,1,NFC,0.5682,37,65
Cardinals,3,295,744,239,843,12,62,20,87,70,316,100,308,1,3,365,1060,339,1151,0,1,1,NFC,0.5682,37,65
Cardinals,4,206,950,180,1023,26,88,16,103,132,448,40,348,3,6,338,1398,220,1371,1,2,2,NFC,0.5682,37,65
Cardinals,5,239,1189,218,1241,17,105,20,123,124,572,139,487,0,6,363,1761,357,1728,1,3,2,NFC,0.5682,37,65
Cardinals,6,171,1360,160,1401,9,114,19,142,144,716,136,623,1,7,315,2076,296,2024,2,5,2,NFC,0.5682,37,65
Cardinals,7,189,1549,409,1810,42,156,34,176,137,853,85,708,3,10,326,2402,494,2518,0,5,3,NFC,0.5682,37,65
Cardinals,8,297,1846,208,2018,26,182,34,210,78,931,173,881,1,11,375,2777,381,2899,3,8,3,NFC,0.5682,37,65
Cardinals,9,140,1986,263,2281,21,203,31,241,122,1053,158,1039,1,12,262,3039,421,3320,1,9,3,NFC,0.5682,37,65
Cardinals,10,220,2206,190,2471,27,230,17,258,78,1131,66,1105,2,14,298,3337,256,3576,0,9,4,NFC,0.5682,37,65
Cardinals,11,247,2453,228,2699,10,240,38,296,67,1198,159,1264,0,14,314,3651,387,3963,2,11,4,NFC,0.5682,37,65
Cardinals,12,185,2638,346,3045,24,264,25,321,181,1379,65,1329,0,14,366,4017,311,4274,2,13,4,NFC,0.5682,37,65
Cardinals,13,210,2848,225,3270,13,277,27,348,113,1492,103,1432,1,15,323,4340,328,4602,2,15,4,NFC,0.5682,37,65
Cardinals,14,167,3015,156,3426,15,292,24,372,73,1565,168,1600,2,17,240,4580,324,4926,3,18,4,NFC,0.5682,37,65
Cardinals,15,204,3219,281,3707,16,308,19,391,121,1686,115,1715,2,19,325,4905,396,5322,3,21,4,NFC,0.5682,37,65
Cardinals,16,213,3432,166,3873,19,327,20,411,126,1812,132,1847,1,20,339,5244,298,5620,0,21,4,NFC,0.5682,37,65
Cardinals,17,194,3626,142,4015,13,340,38,449,61,1873,169,2016,0,20,255,5499,311,5931,4,25,4,NFC,0.5682,37,65
Lions,1,205,205,239,239,35,35,38,38,181,181,216,216,0,0,386,386,455,455,1,1,0,NFC,0.6618,54,81
Lions,2,234,439,308,547,36,71,27,65,191,372,88,304,1,1,425,811,396,851,0,1,1,NFC,0.6618,54,81
Lions,3,277,716,250,797,24,95,28,93,139,511,123,427,1,2,416,1227,373,1224,1,2,1,NFC,0.6618,54,81
Lions,4,375,1091,320,1117,45,140,48,141,145,656,235,662,1,3,520,1747,555,1779,2,4,1,NFC,0.6618,54,81
Lions,5,211,1302,188,1305,0,140,29,170,101,757,176,838,1,4,312,2059,364,2143,2,6,1,NFC,0.6618,54,81
Lions,6,195,1497,191,1496,6,146,24,194,117,874,139,977,1,5,312,2371,330,2473,5,11,1,NFC,0.6618,54,81
Lions,7,311,1808,369,1865,27,173,31,225,82,956,107,1084,1,6,393,2764,476,2949,0,11,1,NFC,0.6618,54,81
Lions,8,137,1945,283,2148,15,188,9,234,117,1073,106,1190,3,9,254,3018,389,3338,1,12,2,NFC,0.6618,54,81
Lions,9,228,2173,150,2298,31,219,30,264,95,1168,258,1448,1,10,323,3341,408,3746,0,12,3,NFC,0.6618,54,81
Lions,10,165,2338,324,2622,31,250,18,282,160,1328,89,1537,3,13,325,3666,413,4159,0,12,4,NFC,0.6618,54,81
Lions,11,230,2568,237,2859,25,275,28,310,96,1424,164,1701,1,14,326,3992,401,4560,2,14,4,NFC,0.6618,54,81
Lions,12,337,2905,171,3030,40,315,14,324,100,1524,95,1796,1,15,437,4429,266,4826,0,14,5,NFC,0.6618,54,81
Lions,13,330,3235,394,3424,34,349,23,347,134,1658,22,1818,2,17,464,4893,416,5242,0,14,6,NFC,0.6618,54,81
Lions,14,252,3487,287,3711,20,369,17,364,107,1765,50,1868,1,18,359,5252,337,5579,0,14,7,NFC,0.6618,54,81
Lions,15,336,3823,250,3961,23,392,37,401,45,1810,320,2188,0,18,381,5633,570,6149,1,15,7,NFC,0.6618,54,81
Lions,16,239,4062,30,3991,41,433,10,411,265,2075,200,2388,2,20,504,6137,230,6379,0,15,8,NFC,0.6618,54,81
Lions,17,219,4281,188,4179,20,453,16,427,104,2179,103,2491,2,22,323,6460,291,6670,0,15,9,NFC,0.6618,54,81
Vikings,1,269,269,227,227,23,23,7,7,126,126,111,111,2,2,395,395,338,338,0,0,1,NFC,0.6324,50,79
Vikings,2,202,471,323,550,7,30,24,31,62,188,163,274,1,3,264,659,486,824,3,3,1,NFC,0.6324,50,79
Vikings,3,250,721,277,827,28,58,24,55,123,311,139,413,1,4,373,1032,416,1240,1,4,2,NFC,0.6324,50,79
Vikings,4,263,984,227,1054,28,86,25,80,81,392,111,524,2,6,344,1376,338,1578,1,5,3,NFC,0.6324,50,79
Vikings,5,312,1296,193,1247,29,115,22,102,117,509,78,602,1,7,429,1805,271,1849,1,6,4,NFC,0.6324,50,79
Vikings,6,156,1452,385,1632,24,139,16,118,78,587,73,675,3,10,234,2039,458,2307,0,6,5,NFC,0.6324,50,79
Vikings,7,208,1660,297,1929,34,173,26,144,173,760,78,753,3,13,381,2420,375,2682,1,7,6,NFC,0.6324,50,79
Vikings,8,245,1905,126,2055,20,193,17,161,56,816,137,890,1,14,301,2721,263,2945,1,8,7,NFC,0.6324,50,79
Vikings,9,334,2239,311,2366,33,226,30,191,147,963,175,1065,4,18,481,3202,486,3431,2,10,8,NFC,0.6324,50,79
Vikings,10,110,2349,307,2673,3,229,40,231,73,1036,151,1216,0,18,183,3385,458,3889,1,11,8,NFC,0.6324,50,79
Vikings,11,301,2650,364,3037,33,262,26,257,57,1093,45,1261,0,18,358,3743,409,4298,1,12,9,NFC,0.6324,50,79
Vikings,12,159,2809,366,3403,27,289,22,279,128,1221,120,1381,2,20,287,4030,486,4784,0,12,10,NFC,0.6324,50,79
Vikings,13,394,3203,330,3733,23,312,34,313,22,1243,134,1515,0,20,416,4446,464,5248,2,14,10,NFC,0.6324,50,79
Vikings,14,426,3629,170,3903,39,351,36,349,92,1335,171,1686,1,21,518,4964,341,5589,3,17,11,NFC,0.6324,50,79
Vikings,15,270,3899,319,4222,27,378,24,373,83,1418,126,1812,2,23,353,5317,445,6034,0,17,12,NFC,0.6324,50,79
Vikings,16,244,4143,152,4374,17,395,41,414,102,1520,163,1975,0,23,346,5663,315,6349,4,21,12,NFC,0.6324,50,79
Vikings,17,341,4484,141,4515,29,424,13,427,141,1661,118,2093,2,25,482,6145,259,6608,2,23,13,NFC,0.6324,50,79
Packers,1,227,227,269,269,7,7,23,23,111,111,126,126,0,0,338,338,395,395,2,2,0,NFC,0.5185,42,81
Packers,2,211,438,48,317,27,34,10,33,203,314,180,306,1,1,414,752,228,623,1,3,1,NFC,0.5185,42,81
Packers,3,248,686,251,568,14,48,12,45,67,381,34,340,2,3,315,1067,285,908,2,5,2,NFC,0.5185,42,81
Packers,4,244,930,104,672,27,75,24,69,199,580,167,507,1,4,443,1510,271,1179,2,7,3,NFC,0.5185,42,81
Packers,5,207,1137,213,885,22,97,27,96,94,674,125,632,0,4,301,1811,338,1517,0,7,3,NFC,0.5185,42,81
Packers,6,218,1355,99,984,10,107,27,123,60,734,179,811,0,4,278,2089,278,1795,1,8,3,NFC,0.5185,42,81
Packers,7,194,1549,198,1182,21,128,23,146,38,772,166,977,1,5,232,2321,364,2159,1,9,3,NFC,0.5185,42,81
Packers,8,190,1739,216,1398,17,145,27,173,208,980,153,1130,2,7,398,2719,369,2528,1,10,3,NFC,0.5185,42,81
Packers,9,283,2022,137,1535,9,154,15,188,106,1086,117,1247,1,8,389,3108,254,2782,3,13,3,NFC,0.5185,42,81
Packers,10,208,2230,262,1797,31,185,28,216,207,1293,159,1406,2,10,415,3523,421,3203,2,15,4,NFC,0.5185,42,81
Packers,11,215,2445,320,2117,17,202,27,243,56,1349,88,1494,1,11,271,3794,408,3611,0,15,4,NFC,0.5185,42,81
Packers,12,236,2681,137,2254,33,235,40,283,106,1455,363,1857,1,12,342,4136,500,4111,2,17,4,NFC,0.5185,42,81
Packers,13,182,2863,254,2508,28,263,19,302,175,1630,155,2012,3,15,357,4493,409,4520,0,17,5,NFC,0.5185,42,81
Packers,14,207,3070,84,2592,24,287,12,314,138,1768,72,2084,1,16,345,4838,156,4676,2,19,6,NFC,0.5185,42,81
Packers,15,222,3292,294,2886,26,313,20,334,79,1847,82,2166,4,20,301,5139,376,5052,1,20,7,NFC,0.5185,42,81
Packers,16,152,3444,244,3130,41,354,17,351,163,2010,102,2268,4,24,315,5454,346,5398,0,20,8,NFC,0.5185,42,81
Packers,17,188,3632,219,3349,16,370,20,371,103,2113,104,2372,0,24,291,5745,323,5721,2,22,8,NFC,0.5185,42,81
Bears,1,105,105,155,155,19,19,10,10,99,99,176,176,2,2,204,204,331,331,1,1,1,NFC,0.56,37,66
Bears,2,48,153,211,366,10,29,27,37,180,279,203,379,1,3,228,432,414,745,1,2,1,NFC,0.56,37,66
Bears,3,82,235,237,603,23,52,20,57,281,560,92,471,2,5,363,795,329,1074,2,4,2,NFC,0.56,37,66
Bears,4,155,390,71,674,12,64,20,77,149,709,262,733,2,7,304,1099,333,1407,3,7,2,NFC,0.56,37,66
Bears,5,193,583,312,986,22,86,29,106,78,787,117,850,1,8,271,1370,429,1836,1,8,2,NFC,0.56,37,66
Bears,6,154,737,86,1072,7,93,12,118,237,1024,128,978,0,8,391,1761,214,2050,2,10,2,NFC,0.56,37,66
Bears,7,147,884,190,1262,33,126,14,132,243,1267,70,1048,4,12,390,2151,260,2310,1,11,3,NFC,0.56,37,66
Bears,8,131,1015,242,1504,29,155,49,181,240,1507,200,1248,1,13,371,2522,442,2752,1,12,3,NFC,0.56,37,66
Bears,9,116,1131,302,1806,32,187,35,216,252,1759,77,1325,0,13,368,2890,379,3131,0,12,3,NFC,0.56,37,66
Bears,10,150,1281,228,2034,30,217,31,247,258,2017,95,1420,0,13,408,3298,323,3454,1,13,3,NFC,0.56,37,66
Bears,11,128,1409,131,2165,24,241,27,274,160,2177,149,1569,2,15,288,3586,280,3734,1,14,3,NFC,0.56,37,66
Bears,12,165,1574,308,2473,10,251,31,305,127,2304,158,1727,0,15,292,3878,466,4200,1,15,3,NFC,0.56,37,66
Bears,13,254,1828,182,2655,19,270,28,333,155,2459,175,1902,0,15,409,4287,357,4557,3,18,3,NFC,0.56,37,66
Bears,14,91,1919,309,2964,20,290,25,358,157,2616,112,2014,3,18,248,4535,421,4978,1,19,3,NFC,0.56,37,66
Bears,15,129,2048,172,3136,13,303,35,393,80,2696,254,2268,3,21,209,4744,426,5404,2,21,3,NFC,0.56,37,66
Bears,16,30,2078,239,3375,10,313,41,434,200,2896,265,2533,0,21,230,4974,504,5908,2,23,3,NFC,0.56,37,66
Bears,17,141,2219,341,3716,13,326,29,463,118,3014,141,2674,2,23,259,5233,482,6390,2,25,3,NFC,0.56,37,66
Saints,1,234,234,215,215,27,27,26,26,151,151,201,201,2,2,385,385,416,416,1,1,1,NFC,0.5208,37,71
Saints,2,208,442,188,403,10,37,20,46,100,251,72,273,1,3,308,693,260,676,5,6,1,NFC,0.5208,37,71
Saints,3,342,784,148,551,14,51,22,68,84,335,145,418,0,3,426,1119,293,969,3,9,1,NFC,0.5208,37,71
Saints,4,227,1011,263,814,25,76,28,96,111,446,81,499,1,4,338,1457,344,1313,2,11,1,NFC,0.5208,37,71
Saints,5,302,1313,245,1059,39,115,32,128,235,681,151,650,1,5,438,1895,396,1709,2,13,2,NFC,0.5208,37,71
Saints,6,171,1484,273,1332,26,141,30,158,228,909,75,725,1,6,399,2294,348,2057,0,13,2,NFC,0.5208,37,71
Saints,7,409,1893,189,1521,34,175,42,200,85,994,137,862,0,6,494,2788,326,2383,3,16,2,NFC,0.5208,37,71
Saints,8,231,2124,145,1666,24,199,0,200,136,1130,38,900,1,7,367,3155,183,2566,0,16,3,NFC,0.5208,37,71
Saints,9,195,2319,131,1797,13,212,27,227,48,1178,188,1088,0,7,243,3398,319,2885,1,17,3,NFC,0.5208,37,71
Saints,10,157,2476,162,1959,10,222,20,247,29,1207,217,1305,0,7,186,3584,379,3264,2,19,3,NFC,0.5208,37,71
Saints,11,235,2711,188,2147,27,249,20,267,88,1295,148,1453,0,7,323,3907,336,3600,0,19,4,NFC,0.5208,37,71
Saints,12,197,2908,221,2368,0,249,13,280,63,1358,96,1549,0,7,260,4167,317,3917,2,21,4,NFC,0.5208,37,71
Saints,13,232,3140,274,2642,16,265,17,297,66,1424,76,1625,2,9,298,4465,350,4267,0,21,4,NFC,0.5208,37,71
Saints,14,214,3354,89,2731,21,286,18,315,134,1558,231,1856,1,10,348,4813,320,4587,1,22,5,NFC,0.5208,37,71
Saints,15,92,3446,125,2856,17,303,10,325,152,1710,124,1980,1,11,244,5057,249,4836,1,23,5,NFC,0.5208,37,71
Saints,16,184,3630,246,3102,20,323,10,335,129,1839,67,2047,1,12,313,5370,313,5149,1,24,5,NFC,0.5208,37,71
Saints,17,161,3791,32,3134,7,330,10,345,143,1982,171,2218,2,14,304,5674,203,5352,1,25,5,NFC,0.5208,37,71
Buccaneers,1,195,195,173,173,19,19,3,3,152,152,71,71,1,1,347,347,244,244,1,1,1,NFC,0.5094,32,62
Buccaneers,2,188,383,208,381,20,39,10,13,72,224,100,171,5,6,260,607,308,552,1,2,2,NFC,0.5094,32,62
Buccaneers,3,251,634,248,629,12,51,14,27,34,258,67,238,2,8,285,892,315,867,2,4,2,NFC,0.5094,32,62
Buccaneers,4,373,1007,228,857,31,82,41,68,3,261,189,427,1,9,376,1268,417,1284,2,6,2,NFC,0.5094,32,62
Buccaneers,5,351,1358,110,967,21,103,15,83,69,330,151,578,0,9,420,1688,261,1545,0,6,3,NFC,0.5094,32,62
Buccaneers,6,229,1587,193,1160,18,121,20,103,75,405,77,655,0,9,304,1992,270,1815,0,6,3,NFC,0.5094,32,62
Buccaneers,7,276,1863,170,1330,3,124,21,124,46,451,173,828,0,9,322,2314,343,2158,0,6,3,NFC,0.5094,32,62
Buccaneers,8,305,2168,222,1552,22,146,27,151,44,495,231,1059,0,9,349,2663,453,2611,1,7,3,NFC,0.5094,32,62
Buccaneers,9,272,2440,138,1690,16,162,13,164,51,546,68,1127,0,9,323,2986,206,2817,0,7,4,NFC,0.5094,32,62
Buccaneers,10,258,2698,244,1934,21,183,16,180,161,707,39,1166,1,10,419,3405,283,3100,2,9,5,NFC,0.5094,32,62
Buccaneers,11,229,2927,178,2112,17,200,23,203,96,803,189,1355,1,11,325,3730,367,3467,0,9,5,NFC,0.5094,32,62
Buccaneers,12,274,3201,232,2344,17,217,16,219,76,879,66,1421,0,11,350,4080,298,3765,2,11,6,NFC,0.5094,32,62
Buccaneers,13,253,3454,195,2539,7,224,35,254,69,948,209,1630,1,12,322,4402,404,4169,3,14,6,NFC,0.5094,32,62
Buccaneers,14,304,3758,184,2723,23,247,34,288,92,1040,53,1683,1,13,396,4798,237,4406,4,18,6,NFC,0.5094,32,62
Buccaneers,15,281,4039,204,2927,19,266,16,304,115,1155,121,1804,3,16,396,5194,325,4731,2,20,7,NFC,0.5094,32,62
Buccaneers,16,411,4450,326,3253,30,296,24,328,67,1222,74,1878,3,19,478,5672,400,5131,1,21,8,NFC,0.5094,32,62
Buccaneers,17,136,4586,208,3461,17,313,30,358,86,1308,174,2052,1,20,222,5894,382,5513,1,22,8,NFC,0.5094,32,62
Falcons,1,215,215,234,234,26,26,27,27,201,201,151,151,1,1,416,416,385,385,2,2,0,NFC,0.5556,38,68
Falcons,2,171,386,272,506,27,53,31,58,90,291,65,216,3,4,261,677,337,722,3,5,0,NFC,0.5556,38,68
Falcons,3,207,593,308,814,27,80,23,81,179,470,112,328,1,5,386,1063,420,1142,2,7,1,NFC,0.5556,38,68
Falcons,4,131,724,226,1040,23,103,20,101,202,672,177,505,2,7,333,1396,403,1545,1,8,2,NFC,0.5556,38,68
Falcons,5,110,834,351,1391,15,118,21,122,151,823,69,574,0,7,261,1657,420,1965,0,8,2,NFC,0.5556,38,68
Falcons,6,121,955,296,1687,28,146,14,136,168,991,50,624,3,10,289,1946,346,2311,0,8,3,NFC,0.5556,38,68
Falcons,7,107,1062,459,2146,17,163,35,171,107,1098,78,702,0,10,214,2160,537,2848,0,8,3,NFC,0.5556,38,68
Falcons,8,239,1301,309,2455,37,200,34,205,167,1265,169,871,1,11,406,2566,478,3326,2,10,4,NFC,0.5556,38,68
Falcons,9,114,1415,245,2700,17,217,20,225,201,1466,91,962,2,13,315,2881,336,3662,2,12,4,NFC,0.5556,38,68
Falcons,10,153,1568,101,2801,15,232,25,250,138,1604,232,1194,0,13,291,3172,333,3995,1,13,4,NFC,0.5556,38,68
Falcons,11,131,1699,128,2929,27,259,24,274,149,1753,160,1354,1,14,280,3452,288,4283,2,15,5,NFC,0.5556,38,68
Falcons,12,165,1864,138,3067,13,272,19,293,167,1920,176,1530,1,15,332,3784,314,4597,1,16,5,NFC,0.5556,38,68
Falcons,13,160,2024,197,3264,16,288,19,312,146,2066,154,1684,0,15,306,4090,351,4948,1,17,5,NFC,0.5556,38,68
Falcons,14,89,2113,214,3478,18,306,21,333,231,2297,134,1818,1,16,320,4410,348,5296,1,18,5,NFC,0.5556,38,68
Falcons,15,212,2325,115,3593,9,315,17,350,115,2412,184,2002,0,16,327,4737,299,5595,1,19,5,NFC,0.5556,38,68
Falcons,16,166,2491,213,3806,20,335,19,369,132,2544,126,2128,0,16,298,5035,339,5934,1,20,6,NFC,0.5556,38,68
Falcons,17,208,2699,136,3942,30,365,17,386,174,2718,86,2214,1,17,382,5417,222,6156,1,21,7,NFC,0.5556,38,68
Panthers,1,207,207,138,138,24,24,26,26,54,54,217,217,0,0,261,261,355,355,1,1,0,NFC,0.5652,36,63
Panthers,2,129,336,162,300,16,40,19,45,146,200,103,320,0,0,275,536,265,620,2,3,0,NFC,0.5652,36,63
Panthers,3,148,484,342,642,22,62,14,59,145,345,84,404,3,3,293,829,426,1046,0,3,1,NFC,0.5652,36,63
Panthers,4,180,664,206,848,16,78,26,85,40,385,132,536,1,4,220,1049,338,1384,3,6,1,NFC,0.5652,36,63
Panthers,5,244,908,244,1092,15,93,37,122,64,449,153,689,1,5,308,1357,397,1781,1,7,1,NFC,0.5652,36,63
Panthers,6,110,1018,249,1341,10,103,24,146,93,542,111,800,1,6,203,1560,360,2141,1,8,1,NFC,0.5652,36,63
Panthers,7,170,1188,276,1617,21,124,3,149,173,715,46,846,0,6,343,1903,322,2463,0,8,2,NFC,0.5652,36,63
Panthers,8,309,1497,239,1856,34,158,37,186,169,884,167,1013,2,8,478,2381,406,2869,1,9,2,NFC,0.5652,36,63
Panthers,9,164,1661,223,2079,21,179,42,228,64,948,241,1254,0,8,228,2609,464,3333,3,12,2,NFC,0.5652,36,63
Panthers,10,101,1762,153,2232,25,204,15,243,232,1180,138,1392,1,9,333,2942,291,3624,0,12,3,NFC,0.5652,36,63
Panthers,11,169,1931,193,2425,3,207,13,256,36,1216,115,1507,1,10,205,3147,308,3932,3,15,3,NFC,0.5652,36,63
Panthers,12,164,2095,125,2550,23,230,10,266,185,1401,121,1628,2,12,349,3496,246,4178,1,16,4,NFC,0.5652,36,63
Panthers,13,105,2200,241,2791,30,260,24,290,223,1624,46,1674,2,14,328,3824,287,4465,0,16,5,NFC,0.5652,36,63
Panthers,14,188,2388,169,2960,16,276,24,314,21,1645,156,1830,0,14,209,4033,325,4790,0,16,5,NFC,0.5652,36,63
Panthers,15,250,2638,336,3296,37,313,23,337,320,1965,45,1875,1,15,570,4603,381,5171,0,16,6,NFC,0.5652,36,63
Panthers,16,326,2964,411,3707,24,337,30,367,74,2039,67,1942,1,16,400,5003,478,5649,3,19,6,NFC,0.5652,36,63
Panthers,17,32,2996,161,3868,10,347,7,374,171,2210,143,2085,1,17,203,5206,304,5953,2,21,7,NFC,0.5652,36,63
